,date,max_dew_point_v,max_relative_humidity_v,max_temperature_v,max_wind_speed_v,min_dew_point_v,min_relative_humidity_v,min_temperature_v,min_wind_speed_v,precipitation_v,rain_v,snow_v,snow_on_ground_v,solar_radiation_v,year,month,day,weekday_0,weekday_1,weekday_2,weekday_3,weekday_4,weekday_5,weekday_6
59,2020-12-31,-3.29,87.9,0.12,30.47,-10.39,64.52,-6.93,6.34,1.79,1.09,0.77,3.5,,2020,12,31,0,0,0,1,0,0,0
60,2020-12-30,-3.02,88.11,0.36,30.4,-10.09,64.89,-6.66,6.33,1.95,1.21,0.78,3.5,,2020,12,30,0,0,1,0,0,0,0
61,2020-12-29,-2.85,88.16,0.54,30.42,-9.82,64.95,-6.38,6.48,1.96,1.26,0.75,3.5,,2020,12,29,0,1,0,0,0,0,0
62,2020-12-28,-2.72,88.2,0.7,30.42,-9.64,65.0,-6.23,6.39,1.99,1.32,0.72,3.5,,2020,12,28,1,0,0,0,0,0,0
63,2020-12-27,-2.7,88.15,0.73,30.21,-9.66,64.77,-6.26,6.27,1.97,1.29,0.73,3.6,,2020,12,27,0,0,0,0,0,0,1
64,2020-12-26,-2.72,87.94,0.79,30.04,-9.59,64.73,-6.18,6.23,1.91,1.24,0.72,3.6,,2020,12,26,0,0,0,0,0,1,0
65,2020-12-25,-2.66,87.88,0.87,29.75,-9.43,64.82,-6.04,6.03,1.82,1.2,0.67,3.7,,2020,12,25,0,0,0,0,1,0,0
66,2020-12-24,-2.52,88.1,0.96,29.59,-9.18,65.03,-5.84,5.92,1.91,1.28,0.69,3.8,,2020,12,24,0,0,0,1,0,0,0
67,2020-12-23,-2.4,88.16,1.1,29.51,-8.96,65.19,-5.68,5.93,1.9,1.25,0.71,3.9,,2020,12,23,0,0,1,0,0,0,0
68,2020-12-22,-2.2,88.36,1.3,29.55,-8.75,65.23,-5.54,6.0,1.86,1.19,0.72,4.0,,2020,12,22,0,1,0,0,0,0,0
69,2020-12-21,-2.18,88.43,1.35,29.39,-8.71,65.09,-5.51,6.02,1.87,1.11,0.8,4.1,,2020,12,21,1,0,0,0,0,0,0
70,2020-12-20,-2.11,88.53,1.42,29.19,-8.68,65.02,-5.48,6.06,1.83,1.06,0.81,4.2,,2020,12,20,0,0,0,0,0,0,1
71,2020-12-19,-2.03,88.6,1.5,29.2,-8.65,64.83,-5.42,5.96,1.89,1.09,0.85,4.1,,2020,12,19,0,0,0,0,0,1,0
72,2020-12-18,-1.95,88.61,1.58,29.11,-8.54,64.76,-5.32,5.89,1.92,1.05,0.93,3.9,,2020,12,18,0,0,0,0,1,0,0
73,2020-12-17,-1.77,88.61,1.77,29.16,-8.45,64.56,-5.18,5.98,1.95,1.06,0.93,3.8,,2020,12,17,0,0,0,1,0,0,0
74,2020-12-16,-1.64,88.62,1.95,28.92,-8.31,64.38,-5.05,5.87,2.01,1.06,0.97,3.5,,2020,12,16,0,0,1,0,0,0,0
75,2020-12-15,-1.78,88.21,1.94,28.81,-8.35,63.77,-5.06,5.75,1.76,0.88,0.91,3.3,,2020,12,15,0,1,0,0,0,0,0
76,2020-12-14,-1.82,87.99,1.94,28.74,-8.44,63.35,-5.1,5.65,1.69,0.84,0.89,3.2,,2020,12,14,1,0,0,0,0,0,0
77,2020-12-13,-1.81,87.85,1.98,28.69,-8.4,63.18,-5.02,5.82,1.66,0.81,0.88,3.0,,2020,12,13,0,0,0,0,0,0,1
78,2020-12-12,-1.62,87.93,2.19,28.77,-8.17,63.06,-4.78,5.77,1.67,0.82,0.89,2.8,,2020,12,12,0,0,0,0,0,1,0
79,2020-12-11,-1.36,88.22,2.42,28.83,-7.9,63.0,-4.56,5.58,1.69,0.87,0.84,2.6,,2020,12,11,0,0,0,0,1,0,0
80,2020-12-10,-1.11,88.62,2.68,29.0,-7.68,62.92,-4.36,5.47,1.82,0.94,0.9,2.4,,2020,12,10,0,0,0,1,0,0,0
81,2020-12-09,-1.0,88.57,2.85,29.14,-7.54,62.55,-4.2,5.65,1.83,0.95,0.89,2.2,,2020,12,9,0,0,1,0,0,0,0
82,2020-12-08,-0.86,88.49,3.02,29.47,-7.46,62.21,-4.06,5.84,1.88,1.04,0.85,2.0,,2020,12,8,0,1,0,0,0,0,0
83,2020-12-07,-0.68,88.49,3.21,29.44,-7.25,62.14,-3.81,5.81,2.01,1.19,0.83,1.7,,2020,12,7,1,0,0,0,0,0,0
84,2020-12-06,-0.48,88.48,3.44,29.36,-7.02,62.23,-3.58,5.84,2.05,1.34,0.72,1.5,,2020,12,6,0,0,0,0,0,0,1
85,2020-12-05,-0.28,88.56,3.66,29.74,-6.72,62.35,-3.28,5.79,2.18,1.47,0.73,1.2,,2020,12,5,0,0,0,0,0,1,0
86,2020-12-04,-0.01,88.67,3.93,29.86,-6.35,62.45,-2.91,5.9,2.21,1.54,0.69,0.9,,2020,12,4,0,0,0,0,1,0,0
87,2020-12-03,0.29,88.79,4.25,29.69,-5.99,62.46,-2.54,5.82,2.24,1.66,0.59,0.8,,2020,12,3,0,0,0,1,0,0,0
88,2020-12-02,0.46,89.02,4.44,29.53,-5.78,62.4,-2.35,5.7,2.2,1.67,0.53,0.8,,2020,12,2,0,0,1,0,0,0,0
89,2020-12-01,0.62,89.06,4.58,29.66,-5.7,62.46,-2.24,5.79,2.18,1.73,0.47,0.7,,2020,12,1,0,1,0,0,0,0,0
90,2020-11-30,0.93,89.44,4.84,29.65,-5.5,62.57,-2.05,5.8,2.25,1.79,0.48,0.7,,2020,11,30,1,0,0,0,0,0,0
91,2020-11-29,1.21,89.7,5.12,29.61,-5.25,62.65,-1.86,5.82,2.3,1.83,0.48,0.6,,2020,11,29,0,0,0,0,0,0,1
92,2020-11-28,1.47,89.83,5.41,29.65,-5.03,62.54,-1.67,5.78,2.3,1.86,0.44,0.6,,2020,11,28,0,0,0,0,0,1,0
93,2020-11-27,1.62,89.78,5.6,29.52,-4.82,62.66,-1.48,5.84,2.27,1.86,0.42,0.6,,2020,11,27,0,0,0,0,1,0,0
94,2020-11-26,1.78,89.67,5.8,29.44,-4.7,62.63,-1.34,5.88,2.29,1.87,0.42,0.6,,2020,11,26,0,0,0,1,0,0,0
95,2020-11-25,1.86,89.55,5.94,29.14,-4.54,62.5,-1.21,6.06,2.24,1.88,0.37,0.6,,2020,11,25,0,0,1,0,0,0,0
96,2020-11-24,1.94,89.54,6.04,28.87,-4.39,62.61,-1.15,5.96,2.19,1.82,0.38,0.7,,2020,11,24,0,1,0,0,0,0,0
97,2020-11-23,2.09,89.6,6.22,28.53,-4.28,62.54,-1.08,5.79,2.2,1.84,0.38,0.7,,2020,11,23,1,0,0,0,0,0,0
98,2020-11-22,2.17,89.49,6.37,28.32,-4.2,62.26,-1.01,5.71,2.18,1.81,0.39,0.8,,2020,11,22,0,0,0,0,0,0,1
99,2020-11-21,2.31,89.31,6.61,28.43,-4.07,61.69,-0.81,5.59,2.02,1.63,0.4,0.8,,2020,11,21,0,0,0,0,0,1,0
100,2020-11-20,2.35,89.07,6.73,28.23,-4.05,61.24,-0.74,5.66,1.89,1.52,0.38,0.8,,2020,11,20,0,0,0,0,1,0,0
101,2020-11-19,2.36,88.83,6.83,28.2,-4.1,60.86,-0.72,5.56,1.87,1.52,0.36,0.8,,2020,11,19,0,0,0,1,0,0,0
102,2020-11-18,2.4,88.57,7.0,28.46,-4.16,60.25,-0.75,5.64,1.84,1.49,0.36,0.8,,2020,11,18,0,0,1,0,0,0,0
103,2020-11-17,2.53,88.44,7.22,28.66,-4.04,59.9,-0.63,5.62,1.95,1.61,0.35,0.8,,2020,11,17,0,1,0,0,0,0,0
104,2020-11-16,2.69,88.38,7.48,28.57,-3.81,59.65,-0.42,5.5,1.93,1.61,0.32,0.7,,2020,11,16,1,0,0,0,0,0,0
105,2020-11-15,2.76,88.18,7.68,28.32,-3.61,59.31,-0.2,5.47,1.87,1.57,0.3,0.7,,2020,11,15,0,0,0,0,0,0,1
106,2020-11-14,2.87,87.98,7.88,28.23,-3.46,58.94,0.0,5.41,1.88,1.6,0.28,0.7,,2020,11,14,0,0,0,0,0,1,0
107,2020-11-13,3.05,88.02,8.1,28.24,-3.31,58.72,0.13,5.34,1.81,1.54,0.28,0.7,,2020,11,13,0,0,0,0,1,0,0
108,2020-11-12,3.26,88.15,8.31,28.1,-3.1,58.8,0.33,5.25,1.9,1.64,0.27,0.7,,2020,11,12,0,0,0,1,0,0,0
109,2020-11-11,3.34,88.14,8.47,28.2,-2.92,58.47,0.5,5.18,1.87,1.62,0.25,0.6,,2020,11,11,0,0,1,0,0,0,0
110,2020-11-10,3.5,88.05,8.72,28.48,-2.79,58.05,0.7,5.06,1.89,1.66,0.23,0.5,,2020,11,10,0,1,0,0,0,0,0
111,2020-11-09,3.79,88.22,9.06,28.6,-2.56,57.98,0.93,5.06,2.15,1.98,0.17,0.3,,2020,11,9,1,0,0,0,0,0,0
112,2020-11-08,3.95,88.21,9.26,28.73,-2.33,57.92,1.15,5.07,2.18,2.03,0.14,0.2,,2020,11,8,0,0,0,0,0,0,1
113,2020-11-07,4.15,88.17,9.5,28.78,-2.15,57.75,1.36,4.98,2.14,2.02,0.11,0.2,,2020,11,7,0,0,0,0,0,1,0
114,2020-11-06,4.27,88.2,9.72,28.58,-2.05,57.25,1.45,4.97,2.17,2.1,0.07,0.1,,2020,11,6,0,0,0,0,1,0,0
115,2020-11-05,4.41,88.19,9.93,28.77,-1.86,56.99,1.64,5.02,2.18,2.12,0.06,0.0,,2020,11,5,0,0,0,1,0,0,0
116,2020-11-04,4.61,88.24,10.16,28.76,-1.63,56.84,1.84,5.11,2.19,2.12,0.06,0.0,,2020,11,4,0,0,1,0,0,0,0
117,2020-11-03,4.92,88.66,10.38,28.61,-1.32,57.26,2.08,5.06,2.29,2.25,0.04,0.0,,2020,11,3,0,1,0,0,0,0,0
118,2020-11-02,5.11,88.75,10.57,28.22,-1.02,57.56,2.3,5.02,2.25,2.21,0.04,0.0,,2020,11,2,1,0,0,0,0,0,0
119,2020-11-01,5.31,88.84,10.77,28.02,-0.73,57.6,2.54,5.17,2.23,2.19,0.04,0.0,,2020,11,1,0,0,0,0,0,0,1
120,2020-10-31,5.64,89.01,11.06,28.39,-0.42,57.86,2.82,5.27,2.26,2.23,0.03,0.0,,2020,10,31,0,0,0,0,0,1,0
121,2020-10-30,5.89,89.24,11.31,28.37,-0.16,58.09,3.0,5.24,2.36,2.33,0.03,0.0,,2020,10,30,0,0,0,0,1,0,0
122,2020-10-29,5.97,89.19,11.45,28.09,0.02,58.08,3.18,5.19,2.41,2.39,0.03,0.0,,2020,10,29,0,0,0,1,0,0,0
123,2020-10-28,6.14,89.28,11.68,28.16,0.17,57.8,3.33,5.22,2.32,2.29,0.03,0.0,,2020,10,28,0,0,1,0,0,0,0
124,2020-10-27,6.4,89.35,11.97,28.2,0.35,57.67,3.52,5.2,2.42,2.39,0.03,0.0,,2020,10,27,0,1,0,0,0,0,0
125,2020-10-26,6.58,89.32,12.16,28.16,0.51,57.8,3.67,5.22,2.46,2.44,0.03,0.0,,2020,10,26,1,0,0,0,0,0,0
126,2020-10-25,6.68,89.13,12.41,28.03,0.65,57.36,3.84,5.19,2.23,2.2,0.02,0.0,,2020,10,25,0,0,0,0,0,0,1
127,2020-10-24,6.82,89.12,12.65,28.06,0.84,57.11,4.01,5.09,2.17,2.15,0.02,0.0,,2020,10,24,0,0,0,0,0,1,0
128,2020-10-23,6.93,89.17,12.82,28.1,0.99,56.96,4.13,5.27,2.19,2.18,0.01,0.0,,2020,10,23,0,0,0,0,1,0,0
129,2020-10-22,7.18,89.29,12.96,28.38,1.19,57.49,4.29,5.37,2.19,2.18,0.01,0.0,,2020,10,22,0,0,0,1,0,0,0
130,2020-10-21,7.52,89.46,13.25,28.04,1.44,57.62,4.47,5.16,2.31,2.3,0.01,0.0,,2020,10,21,0,0,1,0,0,0,0
131,2020-10-20,7.83,89.65,13.6,27.87,1.7,57.58,4.68,4.99,2.28,2.27,0.01,0.0,,2020,10,20,0,1,0,0,0,0,0
132,2020-10-19,7.95,89.51,13.88,27.63,1.84,57.0,4.83,4.87,2.21,2.21,0.0,0.0,,2020,10,19,1,0,0,0,0,0,0
133,2020-10-18,8.14,89.55,14.16,27.51,1.98,56.54,4.99,4.78,2.12,2.13,0.0,0.0,,2020,10,18,0,0,0,0,0,0,1
134,2020-10-17,8.31,89.58,14.45,27.37,2.13,56.13,5.14,4.6,2.07,2.07,0.0,0.0,,2020,10,17,0,0,0,0,0,1,0
135,2020-10-16,8.52,89.62,14.75,27.2,2.31,55.85,5.3,4.52,2.21,2.22,0.0,0.0,,2020,10,16,0,0,0,0,1,0,0
136,2020-10-15,8.76,89.64,15.09,27.13,2.54,55.52,5.54,4.45,2.09,2.09,0.0,0.0,,2020,10,15,0,0,0,1,0,0,0
137,2020-10-14,9.09,89.75,15.47,27.24,2.79,55.32,5.77,4.37,2.08,2.08,0.0,0.0,,2020,10,14,0,0,1,0,0,0,0
138,2020-10-13,9.3,89.65,15.75,27.08,2.98,55.06,5.97,4.26,2.12,2.12,0.0,0.0,,2020,10,13,0,1,0,0,0,0,0
139,2020-10-12,9.37,89.71,15.91,26.86,3.13,54.83,6.07,4.31,2.23,2.23,0.0,0.0,,2020,10,12,1,0,0,0,0,0,0
140,2020-10-11,9.66,90.07,16.14,26.86,3.4,54.89,6.3,4.3,2.21,2.21,0.0,0.0,,2020,10,11,0,0,0,0,0,0,1
141,2020-10-10,9.92,90.16,16.36,26.81,3.64,54.9,6.54,4.19,2.19,2.19,0.0,0.0,,2020,10,10,0,0,0,0,0,1,0
142,2020-10-09,10.18,90.18,16.65,26.68,3.82,54.82,6.73,4.12,2.17,2.17,0.0,0.0,,2020,10,9,0,0,0,0,1,0,0
143,2020-10-08,10.38,90.21,16.93,26.54,4.03,54.57,6.93,4.01,2.06,2.06,0.0,0.0,,2020,10,8,0,0,0,1,0,0,0
144,2020-10-07,10.49,90.31,17.15,26.28,4.21,54.35,7.14,3.96,2.11,2.11,0.0,0.0,,2020,10,7,0,0,1,0,0,0,0
145,2020-10-06,10.59,90.36,17.33,26.48,4.37,54.24,7.31,4.01,2.15,2.15,0.0,0.0,,2020,10,6,0,1,0,0,0,0,0
146,2020-10-05,10.76,90.35,17.52,26.5,4.62,54.3,7.56,4.0,2.2,2.2,0.0,0.0,,2020,10,5,1,0,0,0,0,0,0
147,2020-10-04,11.05,90.42,17.84,26.57,4.97,54.53,7.85,3.98,2.24,2.24,0.0,0.0,,2020,10,4,0,0,0,0,0,0,1
148,2020-10-03,11.36,90.51,18.12,26.6,5.24,54.69,8.09,3.91,2.32,2.32,0.0,0.0,,2020,10,3,0,0,0,0,0,1,0
149,2020-10-02,11.58,90.34,18.35,26.64,5.45,54.79,8.33,3.92,2.36,2.36,0.0,0.0,,2020,10,2,0,0,0,0,1,0,0
150,2020-10-01,11.64,90.25,18.52,26.51,5.55,54.53,8.43,3.85,2.21,2.21,0.0,0.0,,2020,10,1,0,0,0,1,0,0,0
151,2020-09-30,11.77,90.14,18.69,26.54,5.68,54.25,8.57,3.89,2.26,2.26,0.0,0.0,,2020,9,30,0,0,1,0,0,0,0
152,2020-09-29,11.96,90.25,18.89,26.56,5.8,54.06,8.76,3.86,2.37,2.37,0.0,0.0,,2020,9,29,0,1,0,0,0,0,0
153,2020-09-28,12.19,90.3,19.19,26.51,6.03,53.91,8.95,3.79,2.44,2.44,0.0,0.0,,2020,9,28,1,0,0,0,0,0,0
154,2020-09-27,12.52,90.18,19.55,26.51,6.31,53.94,9.23,3.69,2.25,2.25,0.0,0.0,,2020,9,27,0,0,0,0,0,0,1
155,2020-09-26,12.63,89.96,19.81,26.14,6.5,53.59,9.45,3.58,2.26,2.26,0.0,0.0,,2020,9,26,0,0,0,0,0,1,0
156,2020-09-25,12.83,89.92,20.13,26.01,6.69,53.21,9.6,3.61,2.28,2.28,0.0,0.0,,2020,9,25,0,0,0,0,1,0,0
157,2020-09-24,12.96,89.78,20.39,25.79,6.95,53.08,9.82,3.58,2.18,2.18,0.0,0.0,,2020,9,24,0,0,0,1,0,0,0
158,2020-09-23,13.15,89.8,20.59,25.64,7.15,52.99,10.03,3.49,2.23,2.23,0.0,0.0,,2020,9,23,0,0,1,0,0,0,0
159,2020-09-22,13.42,89.75,20.87,25.57,7.46,53.04,10.28,3.43,2.19,2.19,0.0,0.0,,2020,9,22,0,1,0,0,0,0,0
160,2020-09-21,13.71,89.84,21.24,25.43,7.82,52.98,10.59,3.42,2.17,2.17,0.0,0.0,,2020,9,21,1,0,0,0,0,0,0
161,2020-09-20,13.92,89.63,21.51,25.23,8.03,52.93,10.83,3.53,2.19,2.19,0.0,0.0,,2020,9,20,0,0,0,0,0,0,1
162,2020-09-19,14.04,89.47,21.73,25.18,8.09,52.57,10.94,3.52,2.05,2.05,0.0,0.0,,2020,9,19,0,0,0,0,0,1,0
163,2020-09-18,14.09,89.19,21.9,25.2,8.15,52.06,11.08,3.57,1.95,1.95,0.0,0.0,,2020,9,18,0,0,0,0,1,0,0
164,2020-09-17,14.22,89.27,22.08,25.26,8.28,51.83,11.24,3.51,2.13,2.13,0.0,0.0,,2020,9,17,0,0,0,1,0,0,0
165,2020-09-16,14.4,89.29,22.23,25.26,8.49,51.93,11.47,3.58,2.19,2.19,0.0,0.0,,2020,9,16,0,0,1,0,0,0,0
166,2020-09-15,14.59,89.4,22.4,25.26,8.77,52.02,11.77,3.59,2.26,2.26,0.0,0.0,,2020,9,15,0,1,0,0,0,0,0
167,2020-09-14,14.8,89.3,22.71,25.14,9.06,52.02,12.04,3.58,2.34,2.34,0.0,0.0,,2020,9,14,1,0,0,0,0,0,0
168,2020-09-13,14.95,89.31,22.89,24.93,9.26,51.98,12.26,3.53,2.3,2.3,0.0,0.0,,2020,9,13,0,0,0,0,0,0,1
169,2020-09-12,15.04,89.35,23.06,24.87,9.39,51.78,12.44,3.52,2.3,2.3,0.0,0.0,,2020,9,12,0,0,0,0,0,1,0
170,2020-09-11,15.23,89.3,23.28,25.11,9.54,51.6,12.63,3.6,2.27,2.27,0.0,0.0,,2020,9,11,0,0,0,0,1,0,0
171,2020-09-10,15.43,89.35,23.5,25.15,9.77,51.69,12.9,3.54,2.31,2.31,0.0,0.0,,2020,9,10,0,0,0,1,0,0,0
172,2020-09-09,15.63,89.51,23.7,24.97,9.96,51.66,13.08,3.47,2.39,2.39,0.0,0.0,,2020,9,9,0,0,1,0,0,0,0
173,2020-09-08,15.75,89.35,23.9,24.73,10.16,51.73,13.28,3.48,2.27,2.27,0.0,0.0,,2020,9,8,0,1,0,0,0,0,0
174,2020-09-07,15.89,89.1,24.15,24.7,10.26,51.33,13.44,3.45,2.22,2.22,0.0,0.0,,2020,9,7,1,0,0,0,0,0,0
175,2020-09-06,15.94,88.81,24.31,24.42,10.3,50.9,13.58,3.33,2.05,2.05,0.0,0.0,,2020,9,6,0,0,0,0,0,0,1
176,2020-09-05,16.01,88.78,24.47,24.48,10.43,50.64,13.71,3.23,1.94,1.94,0.0,0.0,,2020,9,5,0,0,0,0,0,1,0
177,2020-09-04,16.21,88.89,24.63,24.53,10.65,50.68,13.98,3.29,2.03,2.03,0.0,0.0,,2020,9,4,0,0,0,0,1,0,0
178,2020-09-03,16.42,89.06,24.82,24.36,10.98,51.07,14.25,3.27,2.17,2.17,0.0,0.0,,2020,9,3,0,0,0,1,0,0,0
179,2020-09-02,16.66,89.11,25.07,24.23,11.24,51.2,14.47,3.3,2.0,2.0,0.0,0.0,,2020,9,2,0,0,1,0,0,0,0
180,2020-09-01,16.83,89.06,25.32,24.12,11.44,51.03,14.69,3.28,1.99,1.99,0.0,0.0,,2020,9,1,0,1,0,0,0,0,0
181,2020-08-31,16.91,88.92,25.48,23.83,11.53,50.87,14.78,3.19,1.83,1.83,0.0,0.0,,2020,8,31,1,0,0,0,0,0,0
182,2020-08-30,16.88,88.85,25.5,23.66,11.53,50.72,14.8,3.22,1.56,1.56,0.0,0.0,,2020,8,30,0,0,0,0,0,0,1
183,2020-08-29,16.89,88.73,25.51,23.85,11.54,50.72,14.84,3.36,1.51,1.51,0.0,0.0,,2020,8,29,0,0,0,0,0,1,0
184,2020-08-28,16.98,88.72,25.6,23.9,11.65,50.72,14.97,3.44,1.62,1.62,0.0,0.0,,2020,8,28,0,0,0,0,1,0,0
185,2020-08-27,17.04,88.79,25.66,23.83,11.77,50.94,15.08,3.36,1.72,1.72,0.0,0.0,,2020,8,27,0,0,0,1,0,0,0
186,2020-08-26,17.01,88.69,25.61,23.75,11.75,50.93,15.11,3.42,1.71,1.71,0.0,0.0,,2020,8,26,0,0,1,0,0,0,0
187,2020-08-25,17.07,88.65,25.67,23.8,11.85,50.89,15.24,3.49,1.64,1.64,0.0,0.0,,2020,8,25,0,1,0,0,0,0,0
188,2020-08-24,17.2,88.68,25.84,24.16,11.95,50.66,15.37,3.52,1.76,1.76,0.0,0.0,,2020,8,24,1,0,0,0,0,0,0
189,2020-08-23,17.3,88.79,25.92,24.19,12.09,50.9,15.48,3.48,1.81,1.81,0.0,0.0,,2020,8,23,0,0,0,0,0,0,1
190,2020-08-22,17.37,88.84,26.01,24.4,12.18,50.91,15.57,3.5,1.91,1.91,0.0,0.0,,2020,8,22,0,0,0,0,0,1,0
191,2020-08-21,17.39,88.86,26.02,24.26,12.18,50.81,15.61,3.48,1.96,1.96,0.0,0.0,,2020,8,21,0,0,0,0,1,0,0
192,2020-08-20,17.36,88.73,26.04,24.02,12.18,50.74,15.62,3.44,1.99,1.99,0.0,0.0,,2020,8,20,0,0,0,1,0,0,0
193,2020-08-19,17.34,88.6,26.08,24.03,12.14,50.56,15.63,3.39,1.92,1.92,0.0,0.0,,2020,8,19,0,0,1,0,0,0,0
194,2020-08-18,17.28,88.47,26.05,24.14,12.09,50.43,15.61,3.42,2.08,2.08,0.0,0.0,,2020,8,18,0,1,0,0,0,0,0
195,2020-08-17,17.3,88.39,26.07,24.42,12.1,50.41,15.64,3.33,2.22,2.22,0.0,0.0,,2020,8,17,1,0,0,0,0,0,0
196,2020-08-16,17.34,88.24,26.13,24.51,12.19,50.61,15.72,3.32,2.4,2.4,0.0,0.0,,2020,8,16,0,0,0,0,0,0,1
197,2020-08-15,17.42,88.18,26.22,24.62,12.27,50.62,15.83,3.25,2.55,2.55,0.0,0.0,,2020,8,15,0,0,0,0,0,1,0
198,2020-08-14,17.44,88.05,26.31,24.49,12.36,50.52,15.92,3.21,2.59,2.59,0.0,0.0,,2020,8,14,0,0,0,0,1,0,0
199,2020-08-13,17.39,87.72,26.33,24.43,12.34,50.35,15.93,3.27,2.48,2.48,0.0,0.0,,2020,8,13,0,0,0,1,0,0,0
200,2020-08-12,17.36,87.42,26.41,24.49,12.28,49.88,15.93,3.37,2.39,2.39,0.0,0.0,,2020,8,12,0,0,1,0,0,0,0
201,2020-08-11,17.47,87.44,26.56,24.6,12.36,49.86,16.04,3.32,2.49,2.49,0.0,0.0,,2020,8,11,0,1,0,0,0,0,0
202,2020-08-10,17.54,87.44,26.64,24.61,12.41,49.82,16.11,3.28,2.64,2.64,0.0,0.0,,2020,8,10,1,0,0,0,0,0,0
203,2020-08-09,17.59,87.18,26.71,24.59,12.46,49.85,16.21,3.22,2.71,2.71,0.0,0.0,,2020,8,9,0,0,0,0,0,0,1
204,2020-08-08,17.59,87.01,26.83,24.69,12.48,49.31,16.29,3.26,2.77,2.77,0.0,0.0,,2020,8,8,0,0,0,0,0,1,0
205,2020-08-07,17.61,86.93,26.86,24.55,12.5,49.29,16.33,3.3,2.9,2.9,0.0,0.0,,2020,8,7,0,0,0,0,1,0,0
206,2020-08-06,17.61,86.75,26.94,24.47,12.56,49.26,16.39,3.3,2.95,2.95,0.0,0.0,,2020,8,6,0,0,0,1,0,0,0
207,2020-08-05,17.61,86.64,27.01,24.75,12.55,48.97,16.44,3.3,2.9,2.9,0.0,0.0,,2020,8,5,0,0,1,0,0,0,0
208,2020-08-04,17.64,86.62,27.06,24.88,12.53,48.74,16.46,3.33,2.89,2.89,0.0,0.0,,2020,8,4,0,1,0,0,0,0,0
209,2020-08-03,17.66,86.6,27.1,24.96,12.58,48.66,16.52,3.34,2.79,2.79,0.0,0.0,,2020,8,3,1,0,0,0,0,0,0
210,2020-08-02,17.67,86.56,27.13,24.83,12.59,48.72,16.54,3.41,2.72,2.72,0.0,0.0,,2020,8,2,0,0,0,0,0,0,1
211,2020-08-01,17.67,86.59,27.18,24.91,12.52,48.31,16.53,3.43,2.63,2.63,0.0,0.0,,2020,8,1,0,0,0,0,0,1,0
212,2020-07-31,17.6,86.4,27.15,24.86,12.48,48.22,16.51,3.38,2.49,2.49,0.0,0.0,,2020,7,31,0,0,0,0,1,0,0
213,2020-07-30,17.67,86.44,27.21,25.09,12.48,48.14,16.55,3.42,2.67,2.67,0.0,0.0,,2020,7,30,0,0,0,1,0,0,0
214,2020-07-29,17.8,86.61,27.28,25.02,12.6,48.42,16.65,3.31,2.97,2.97,0.0,0.0,,2020,7,29,0,0,1,0,0,0,0
215,2020-07-28,17.89,86.62,27.36,24.9,12.68,48.5,16.78,3.2,2.9,2.9,0.0,0.0,,2020,7,28,0,1,0,0,0,0,0
216,2020-07-27,17.88,86.41,27.36,24.83,12.66,48.4,16.78,3.2,2.82,2.82,0.0,0.0,,2020,7,27,1,0,0,0,0,0,0
217,2020-07-26,17.86,86.31,27.36,25.07,12.59,48.3,16.76,3.22,2.93,2.93,0.0,0.0,,2020,7,26,0,0,0,0,0,0,1
218,2020-07-25,17.87,86.48,27.35,25.15,12.56,48.29,16.77,3.28,2.78,2.78,0.0,0.0,,2020,7,25,0,0,0,0,0,1,0
219,2020-07-24,17.93,86.45,27.37,25.31,12.63,48.65,16.82,3.34,2.9,2.9,0.0,0.0,,2020,7,24,0,0,0,0,1,0,0
220,2020-07-23,17.97,86.36,27.41,25.33,12.62,48.53,16.86,3.28,2.68,2.68,0.0,0.0,,2020,7,23,0,0,0,1,0,0,0
221,2020-07-22,18.04,86.41,27.47,25.68,12.62,48.38,16.89,3.3,2.68,2.68,0.0,0.0,,2020,7,22,0,0,1,0,0,0,0
222,2020-07-21,18.02,86.29,27.47,25.57,12.67,48.56,16.95,3.31,2.73,2.73,0.0,0.0,,2020,7,21,0,1,0,0,0,0,0
223,2020-07-20,17.98,85.97,27.53,25.64,12.62,48.35,16.97,3.35,2.65,2.65,0.0,0.0,,2020,7,20,1,0,0,0,0,0,0
224,2020-07-19,17.89,85.64,27.52,25.43,12.5,48.19,16.92,3.26,2.62,2.62,0.0,0.0,,2020,7,19,0,0,0,0,0,0,1
225,2020-07-18,17.78,85.41,27.53,25.41,12.33,47.64,16.83,3.32,2.52,2.52,0.0,0.0,,2020,7,18,0,0,0,0,0,1,0
226,2020-07-17,17.7,85.31,27.47,25.54,12.24,47.5,16.76,3.46,2.5,2.5,0.0,0.0,,2020,7,17,0,0,0,0,1,0,0
227,2020-07-16,17.74,85.4,27.5,25.78,12.22,47.48,16.79,3.54,2.55,2.55,0.0,0.0,,2020,7,16,0,0,0,1,0,0,0
228,2020-07-15,17.71,85.44,27.45,25.85,12.18,47.53,16.78,3.46,2.71,2.71,0.0,0.0,,2020,7,15,0,0,1,0,0,0,0
229,2020-07-14,17.67,85.36,27.45,25.91,12.1,47.38,16.74,3.48,2.65,2.65,0.0,0.0,,2020,7,14,0,1,0,0,0,0,0
230,2020-07-13,17.6,85.14,27.45,26.06,12.07,47.25,16.71,3.63,2.61,2.61,0.0,0.0,,2020,7,13,1,0,0,0,0,0,0
231,2020-07-12,17.54,84.92,27.47,26.31,12.02,47.19,16.67,3.72,2.55,2.55,0.0,0.0,,2020,7,12,0,0,0,0,0,0,1
232,2020-07-11,17.48,84.64,27.49,26.34,11.89,46.91,16.61,3.77,2.35,2.35,0.0,0.0,,2020,7,11,0,0,0,0,0,1,0
233,2020-07-10,17.34,84.37,27.39,26.28,11.71,46.7,16.45,3.75,2.36,2.36,0.0,0.0,,2020,7,10,0,0,0,0,1,0,0
234,2020-07-09,17.1,84.1,27.24,26.14,11.44,46.33,16.28,3.74,2.09,2.09,0.0,0.0,,2020,7,9,0,0,0,1,0,0,0
235,2020-07-08,16.97,83.99,27.11,26.5,11.24,46.15,16.11,3.84,2.1,2.1,0.0,0.0,,2020,7,8,0,0,1,0,0,0,0
236,2020-07-07,16.84,83.96,26.99,26.48,11.18,46.32,16.01,3.83,2.08,2.08,0.0,0.0,,2020,7,7,0,1,0,0,0,0,0
237,2020-07-06,16.82,84.08,26.93,26.75,11.08,46.31,15.89,3.82,2.12,2.12,0.0,0.0,,2020,7,6,1,0,0,0,0,0,0
238,2020-07-05,16.79,84.28,26.8,26.75,11.1,46.68,15.85,3.73,2.28,2.28,0.0,0.0,,2020,7,5,0,0,0,0,0,0,1
239,2020-07-04,16.86,84.51,26.77,27.0,11.15,46.95,15.88,3.81,2.44,2.44,0.0,0.0,,2020,7,4,0,0,0,0,0,1,0
240,2020-07-03,16.92,84.61,26.79,27.18,11.22,47.08,15.95,3.78,2.47,2.47,0.0,0.0,,2020,7,3,0,0,0,0,1,0,0
241,2020-07-02,16.96,84.66,26.8,27.19,11.26,47.33,16.01,3.67,2.5,2.5,0.0,0.0,,2020,7,2,0,0,0,1,0,0,0
242,2020-07-01,16.92,84.58,26.72,26.94,11.23,47.63,15.92,3.62,2.7,2.7,0.0,0.0,,2020,7,1,0,0,1,0,0,0,0
243,2020-06-30,16.78,84.36,26.65,26.63,11.09,47.51,15.77,3.63,2.42,2.42,0.0,0.0,,2020,6,30,0,1,0,0,0,0,0
244,2020-06-29,16.68,84.28,26.54,26.89,10.92,47.37,15.65,3.71,2.3,2.3,0.0,0.0,,2020,6,29,1,0,0,0,0,0,0
245,2020-06-28,16.58,84.36,26.42,26.93,10.78,47.38,15.53,3.62,2.47,2.47,0.0,0.0,,2020,6,28,0,0,0,0,0,0,1
246,2020-06-27,16.42,84.28,26.21,26.69,10.63,47.51,15.4,3.62,2.49,2.49,0.0,0.0,,2020,6,27,0,0,0,0,0,1,0
247,2020-06-26,16.31,84.44,26.03,26.6,10.57,47.78,15.3,3.59,2.48,2.48,0.0,0.0,,2020,6,26,0,0,0,0,1,0,0
248,2020-06-25,16.3,84.64,25.98,26.57,10.61,48.22,15.3,3.6,2.53,2.53,0.0,0.0,,2020,6,25,0,0,0,1,0,0,0
249,2020-06-24,16.34,84.73,25.9,26.51,10.64,48.7,15.28,3.54,2.61,2.61,0.0,0.0,,2020,6,24,0,0,1,0,0,0,0
250,2020-06-23,16.26,84.82,25.82,26.16,10.57,48.9,15.22,3.42,2.77,2.77,0.0,0.0,,2020,6,23,0,1,0,0,0,0,0
251,2020-06-22,16.15,84.73,25.73,25.95,10.32,48.62,15.06,3.33,2.69,2.69,0.0,0.0,,2020,6,22,1,0,0,0,0,0,0
252,2020-06-21,16.02,84.66,25.58,25.8,10.14,48.49,14.94,3.38,2.57,2.57,0.0,0.0,,2020,6,21,0,0,0,0,0,0,1
253,2020-06-20,15.92,84.67,25.44,25.74,9.93,48.48,14.79,3.52,2.72,2.72,0.0,0.0,,2020,6,20,0,0,0,0,0,1,0
254,2020-06-19,15.75,84.68,25.28,25.69,9.71,48.4,14.61,3.52,2.58,2.58,0.0,0.0,,2020,6,19,0,0,0,0,1,0,0
255,2020-06-18,15.63,84.74,25.11,25.6,9.59,48.64,14.45,3.53,2.69,2.69,0.0,0.0,,2020,6,18,0,0,0,1,0,0,0
256,2020-06-17,15.44,84.63,24.92,25.51,9.41,48.71,14.25,3.52,2.68,2.68,0.0,0.0,,2020,6,17,0,0,1,0,0,0,0
257,2020-06-16,15.29,84.56,24.85,25.69,9.25,48.44,14.06,3.54,2.56,2.56,0.0,0.0,,2020,6,16,0,1,0,0,0,0,0
258,2020-06-15,15.18,84.54,24.72,26.08,9.13,48.46,13.98,3.67,2.56,2.56,0.0,0.0,,2020,6,15,1,0,0,0,0,0,0
259,2020-06-14,15.05,84.48,24.61,25.96,9.0,48.64,13.82,3.6,2.5,2.5,0.0,0.0,,2020,6,14,0,0,0,0,0,0,1
260,2020-06-13,14.9,84.62,24.39,25.9,8.82,48.79,13.61,3.58,2.4,2.4,0.0,0.0,,2020,6,13,0,0,0,0,0,1,0
261,2020-06-12,14.77,84.98,24.16,25.97,8.68,49.04,13.39,3.57,2.38,2.38,0.0,0.0,,2020,6,12,0,0,0,0,1,0,0
262,2020-06-11,14.47,84.99,23.86,25.8,8.4,48.88,13.12,3.58,2.41,2.41,0.0,0.0,,2020,6,11,0,0,0,1,0,0,0
263,2020-06-10,14.15,84.91,23.52,25.82,8.08,48.6,12.81,3.6,2.45,2.45,0.0,0.0,,2020,6,10,0,0,1,0,0,0,0
264,2020-06-09,13.97,84.94,23.34,26.07,7.8,48.36,12.55,3.66,2.52,2.52,0.0,0.0,,2020,6,9,0,1,0,0,0,0,0
265,2020-06-08,13.83,84.93,23.1,26.35,7.66,48.41,12.39,3.79,2.49,2.49,0.0,0.0,,2020,6,8,1,0,0,0,0,0,0
266,2020-06-07,13.79,85.04,22.98,26.75,7.59,48.52,12.29,3.86,2.66,2.66,0.0,0.0,,2020,6,7,0,0,0,0,0,0,1
267,2020-06-06,13.62,84.76,22.97,26.68,7.49,48.27,12.16,3.79,2.66,2.66,0.0,0.0,,2020,6,6,0,0,0,0,0,1,0
268,2020-06-05,13.46,84.62,22.89,26.9,7.35,47.99,12.01,3.77,2.39,2.39,0.0,0.0,,2020,6,5,0,0,0,0,1,0,0
269,2020-06-04,13.31,84.59,22.75,26.86,7.23,47.92,11.84,3.69,2.45,2.45,0.0,0.0,,2020,6,4,0,0,0,1,0,0,0
270,2020-06-03,13.08,84.5,22.53,26.81,7.01,47.86,11.57,3.62,2.35,2.35,0.0,0.0,,2020,6,3,0,0,1,0,0,0,0
271,2020-06-02,12.93,84.43,22.35,26.83,6.81,47.86,11.39,3.61,2.36,2.36,0.0,0.0,,2020,6,2,0,1,0,0,0,0,0
272,2020-06-01,12.72,84.33,22.06,26.85,6.6,48.08,11.24,3.68,2.45,2.45,0.0,0.0,,2020,6,1,1,0,0,0,0,0,0
273,2020-05-31,12.58,84.32,21.93,26.81,6.38,47.92,11.03,3.68,2.36,2.36,0.0,0.0,,2020,5,31,0,0,0,0,0,0,1
274,2020-05-30,12.41,84.29,21.77,26.82,6.22,47.93,10.8,3.7,2.4,2.4,0.0,0.0,,2020,5,30,0,0,0,0,0,1,0
275,2020-05-29,12.18,84.21,21.55,26.67,6.04,47.95,10.62,3.71,2.43,2.43,0.0,0.0,,2020,5,29,0,0,0,0,1,0,0
276,2020-05-28,11.98,83.99,21.46,26.78,5.79,47.36,10.49,3.74,2.42,2.42,0.0,0.0,,2020,5,28,0,0,0,1,0,0,0
277,2020-05-27,11.89,83.79,21.43,27.08,5.61,47.15,10.33,3.76,2.45,2.45,0.0,0.0,,2020,5,27,0,0,1,0,0,0,0
278,2020-05-26,11.78,83.63,21.35,27.08,5.29,46.88,10.12,3.66,2.39,2.39,0.0,0.0,,2020,5,26,0,1,0,0,0,0,0
279,2020-05-25,11.49,83.41,21.08,26.98,5.01,46.65,9.87,3.64,2.4,2.4,0.0,0.0,,2020,5,25,1,0,0,0,0,0,0
280,2020-05-24,11.27,83.54,20.86,26.98,4.71,46.6,9.58,3.57,2.34,2.34,0.0,0.0,,2020,5,24,0,0,0,0,0,0,1
281,2020-05-23,11.01,83.51,20.49,26.88,4.43,46.88,9.29,3.56,2.31,2.31,0.0,0.0,,2020,5,23,0,0,0,0,0,1,0
282,2020-05-22,10.81,83.69,20.13,27.1,4.11,47.07,8.98,3.65,2.5,2.5,0.0,0.0,,2020,5,22,0,0,0,0,1,0,0
283,2020-05-21,10.55,83.69,19.83,27.22,3.81,47.05,8.67,3.65,2.54,2.54,0.0,0.0,,2020,5,21,0,0,0,1,0,0,0
284,2020-05-20,10.24,83.47,19.51,27.35,3.44,46.92,8.39,3.74,2.47,2.47,0.0,0.0,,2020,5,20,0,0,1,0,0,0,0
285,2020-05-19,10.0,83.26,19.17,27.6,3.09,46.82,8.2,3.91,2.58,2.58,0.0,0.0,,2020,5,19,0,1,0,0,0,0,0
286,2020-05-18,9.79,83.26,18.97,27.89,2.85,46.62,7.98,3.94,2.65,2.65,0.0,0.0,,2020,5,18,1,0,0,0,0,0,0
287,2020-05-17,9.69,83.23,18.89,28.08,2.65,46.27,7.81,3.98,2.6,2.59,0.0,0.0,,2020,5,17,0,0,0,0,0,0,1
288,2020-05-16,9.58,83.35,18.71,28.03,2.49,46.26,7.7,3.79,2.71,2.71,0.0,0.0,,2020,5,16,0,0,0,0,0,1,0
289,2020-05-15,9.37,83.34,18.49,28.12,2.22,45.71,7.56,3.81,2.62,2.62,0.0,0.0,,2020,5,15,0,0,0,0,1,0,0
290,2020-05-14,9.18,83.07,18.34,28.25,1.93,45.35,7.39,3.8,2.58,2.58,0.0,0.0,,2020,5,14,0,0,0,1,0,0,0
291,2020-05-13,9.04,82.81,18.22,28.47,1.74,45.14,7.26,3.74,2.48,2.48,0.0,0.0,,2020,5,13,0,0,1,0,0,0,0
292,2020-05-12,8.92,82.75,18.09,28.54,1.62,44.99,7.17,3.66,2.51,2.51,0.0,0.0,,2020,5,12,0,1,0,0,0,0,0
293,2020-05-11,8.74,82.66,17.94,28.61,1.53,44.91,7.06,3.69,2.52,2.52,0.0,0.0,,2020,5,11,1,0,0,0,0,0,0
294,2020-05-10,8.58,82.73,17.8,28.56,1.42,44.94,6.95,3.69,2.55,2.55,0.0,0.0,,2020,5,10,0,0,0,0,0,0,1
295,2020-05-09,8.4,82.54,17.65,28.58,1.32,45.05,6.86,3.84,2.68,2.68,0.0,0.0,,2020,5,9,0,0,0,0,0,1,0
296,2020-05-08,8.3,82.5,17.58,28.59,1.11,44.75,6.77,3.84,2.64,2.64,0.0,0.0,,2020,5,8,0,0,0,0,1,0,0
297,2020-05-07,8.01,82.15,17.38,28.53,0.89,44.52,6.63,3.74,2.56,2.56,0.0,0.0,,2020,5,7,0,0,0,1,0,0,0
298,2020-05-06,7.65,81.65,17.17,28.5,0.54,44.02,6.4,3.8,2.48,2.48,0.0,0.0,,2020,5,6,0,0,1,0,0,0,0
299,2020-05-05,7.34,81.37,16.96,28.82,0.24,43.69,6.16,3.84,2.53,2.52,0.0,0.0,,2020,5,5,0,1,0,0,0,0,0
300,2020-05-04,7.11,81.19,16.84,28.94,-0.01,43.43,5.91,3.85,2.38,2.38,0.0,0.0,,2020,5,4,1,0,0,0,0,0,0
301,2020-05-03,6.9,81.09,16.6,29.05,-0.2,43.54,5.69,3.96,2.35,2.35,0.0,0.0,,2020,5,3,0,0,0,0,0,0,1
302,2020-05-02,6.6,81.08,16.26,29.04,-0.54,43.5,5.43,3.87,2.4,2.4,0.0,0.0,,2020,5,2,0,0,0,0,0,1,0
303,2020-05-01,6.15,80.61,15.95,29.13,-0.91,43.18,5.08,4.0,2.32,2.31,0.0,0.0,,2020,5,1,0,0,0,0,1,0,0
304,2020-04-30,5.9,80.5,15.7,29.46,-1.18,43.18,4.84,4.08,2.42,2.41,0.01,0.0,,2020,4,30,0,0,0,1,0,0,0
305,2020-04-29,5.78,80.78,15.46,29.68,-1.28,43.59,4.64,4.14,2.45,2.43,0.01,0.0,,2020,4,29,0,0,1,0,0,0,0
306,2020-04-28,5.62,81.05,15.19,29.49,-1.37,44.16,4.46,4.18,2.61,2.6,0.01,0.0,,2020,4,28,0,1,0,0,0,0,0
307,2020-04-27,5.45,81.19,14.91,29.7,-1.51,44.76,4.27,4.34,2.85,2.83,0.01,0.0,,2020,4,27,1,0,0,0,0,0,0
308,2020-04-26,5.39,81.38,14.8,30.0,-1.62,44.91,4.14,4.47,2.92,2.91,0.01,0.0,,2020,4,26,0,0,0,0,0,0,1
309,2020-04-25,5.24,81.27,14.62,30.1,-1.8,44.96,3.93,4.57,2.75,2.74,0.01,0.0,,2020,4,25,0,0,0,0,0,1,0
310,2020-04-24,4.99,80.94,14.34,30.17,-2.11,44.77,3.68,4.73,2.55,2.53,0.01,0.0,,2020,4,24,0,0,0,0,1,0,0
311,2020-04-23,4.78,80.81,14.15,30.52,-2.3,44.66,3.48,4.86,2.64,2.63,0.01,0.0,,2020,4,23,0,0,0,1,0,0,0
312,2020-04-22,4.65,80.68,14.01,30.76,-2.49,44.73,3.34,5.03,2.59,2.54,0.03,0.0,,2020,4,22,0,0,1,0,0,0,0
313,2020-04-21,4.58,80.8,13.83,30.65,-2.62,45.13,3.2,4.97,2.72,2.6,0.04,0.0,,2020,4,21,0,1,0,0,0,0,0
314,2020-04-20,4.5,80.91,13.64,30.48,-2.68,45.46,3.08,4.98,2.7,2.58,0.04,0.0,,2020,4,20,1,0,0,0,0,0,0
315,2020-04-19,4.37,81.18,13.38,30.54,-2.78,45.78,2.92,4.95,2.89,2.76,0.05,0.1,,2020,4,19,0,0,0,0,0,0,1
316,2020-04-18,4.12,81.1,13.09,30.42,-3.05,45.66,2.71,4.96,2.94,2.77,0.07,0.1,,2020,4,18,0,0,0,0,0,1,0
317,2020-04-17,3.88,81.06,12.88,30.48,-3.2,45.64,2.48,5.12,2.82,2.63,0.08,0.1,,2020,4,17,0,0,0,0,1,0,0
318,2020-04-16,3.77,81.06,12.64,30.66,-3.36,45.92,2.29,5.27,2.81,2.62,0.08,0.1,,2020,4,16,0,0,0,1,0,0,0
319,2020-04-15,3.6,81.2,12.34,30.63,-3.51,46.15,2.11,5.36,2.86,2.66,0.09,0.2,,2020,4,15,0,0,1,0,0,0,0
320,2020-04-14,3.33,81.15,12.04,30.78,-3.77,46.15,1.88,5.48,2.88,2.68,0.09,0.2,,2020,4,14,0,1,0,0,0,0,0
321,2020-04-13,3.04,81.13,11.71,30.93,-4.11,45.91,1.55,5.55,2.89,2.64,0.14,0.3,,2020,4,13,1,0,0,0,0,0,0
322,2020-04-12,2.58,80.67,11.28,30.97,-4.53,45.47,1.18,5.63,2.49,2.23,0.15,0.4,,2020,4,12,0,0,0,0,0,0,1
323,2020-04-11,2.24,80.81,10.79,31.27,-4.94,45.57,0.83,5.85,2.51,2.19,0.19,0.4,,2020,4,11,0,0,0,0,0,1,0
324,2020-04-10,2.08,81.31,10.44,31.47,-5.1,45.9,0.64,5.84,2.81,2.38,0.28,0.5,,2020,4,10,0,0,0,0,1,0,0
325,2020-04-09,1.95,81.6,10.27,31.4,-5.18,46.01,0.51,5.64,2.9,2.42,0.32,0.4,,2020,4,9,0,0,0,1,0,0,0
326,2020-04-08,1.74,81.81,9.97,31.18,-5.33,46.36,0.35,5.63,2.71,2.22,0.33,0.4,,2020,4,8,0,0,1,0,0,0,0
327,2020-04-07,1.62,82.27,9.69,31.01,-5.46,46.63,0.15,5.66,2.7,2.23,0.32,0.4,,2020,4,7,0,1,0,0,0,0,0
328,2020-04-06,1.49,82.44,9.44,31.12,-5.54,46.8,-0.01,5.74,2.64,2.22,0.32,0.4,,2020,4,6,1,0,0,0,0,0,0
329,2020-04-05,1.41,82.63,9.31,31.0,-5.66,46.87,-0.13,5.75,2.67,2.23,0.34,0.4,,2020,4,5,0,0,0,0,0,0,1
330,2020-04-04,1.32,82.59,9.23,30.88,-5.73,46.91,-0.24,5.73,2.48,2.05,0.33,0.4,,2020,4,4,0,0,0,0,0,1,0
331,2020-04-03,1.26,82.85,9.1,30.57,-5.8,47.26,-0.4,5.65,2.37,1.97,0.32,0.5,,2020,4,3,0,0,0,0,1,0,0
332,2020-04-02,1.07,82.8,8.81,30.48,-5.98,47.54,-0.54,5.68,2.29,1.89,0.33,0.5,,2020,4,2,0,0,0,1,0,0,0
333,2020-04-01,0.95,83.07,8.57,30.45,-6.14,47.78,-0.71,5.6,2.25,1.84,0.34,0.5,,2020,4,1,0,0,1,0,0,0,0
334,2020-03-31,0.72,83.01,8.3,30.08,-6.34,48.04,-0.98,5.49,2.08,1.66,0.34,0.6,,2020,3,31,0,1,0,0,0,0,0
335,2020-03-30,0.45,82.79,8.04,29.96,-6.6,47.95,-1.22,5.46,1.99,1.55,0.37,0.6,,2020,3,30,1,0,0,0,0,0,0
336,2020-03-29,0.29,82.73,7.77,30.18,-6.78,48.2,-1.4,5.69,1.84,1.42,0.34,0.7,,2020,3,29,0,0,0,0,0,0,1
337,2020-03-28,0.36,83.21,7.67,30.08,-6.78,48.78,-1.48,5.69,1.91,1.45,0.38,0.7,,2020,3,28,0,0,0,0,0,1,0
338,2020-03-27,0.21,83.05,7.48,29.5,-6.75,49.21,-1.56,5.59,1.82,1.39,0.38,0.7,,2020,3,27,0,0,0,0,1,0,0
339,2020-03-26,-0.05,82.6,7.25,29.24,-7.01,49.04,-1.77,5.6,1.53,1.2,0.31,0.7,,2020,3,26,0,0,0,1,0,0,0
340,2020-03-25,-0.25,82.43,6.99,29.28,-7.28,49.06,-2.01,5.71,1.48,1.18,0.28,0.8,,2020,3,25,0,0,1,0,0,0,0
341,2020-03-24,-0.54,82.12,6.76,29.43,-7.6,48.74,-2.36,5.77,1.39,1.09,0.29,0.9,,2020,3,24,0,1,0,0,0,0,0
342,2020-03-23,-0.82,81.92,6.46,29.5,-7.83,48.8,-2.66,5.89,1.3,0.99,0.3,1.0,,2020,3,23,1,0,0,0,0,0,0
343,2020-03-22,-0.91,82.15,6.29,29.72,-7.94,49.1,-2.83,5.98,1.18,0.89,0.29,1.2,,2020,3,22,0,0,0,0,0,0,1
344,2020-03-21,-1.01,82.37,6.04,30.05,-8.04,49.58,-3.03,6.01,1.15,0.81,0.34,1.5,,2020,3,21,0,0,0,0,0,1,0
345,2020-03-20,-1.24,82.5,5.67,30.1,-8.34,49.72,-3.32,6.07,1.2,0.84,0.36,1.7,,2020,3,20,0,0,0,0,1,0,0
346,2020-03-19,-1.46,82.55,5.35,30.35,-8.62,49.8,-3.59,6.2,1.18,0.79,0.4,1.9,,2020,3,19,0,0,0,1,0,0,0
347,2020-03-18,-1.57,82.64,5.14,30.6,-8.78,50.02,-3.79,6.21,1.23,0.84,0.41,2.2,,2020,3,18,0,0,1,0,0,0,0
348,2020-03-17,-1.74,82.87,4.85,30.63,-8.88,50.67,-4.02,6.23,1.26,0.86,0.42,2.5,,2020,3,17,0,1,0,0,0,0,0
349,2020-03-16,-1.74,83.04,4.74,31.02,-8.99,51.1,-4.19,6.31,1.34,0.91,0.46,2.7,,2020,3,16,1,0,0,0,0,0,0
350,2020-03-15,-1.72,83.28,4.6,30.95,-9.02,51.75,-4.32,6.29,1.41,0.96,0.48,3.0,,2020,3,15,0,0,0,0,0,0,1
351,2020-03-14,-1.78,83.4,4.47,30.66,-9.1,52.27,-4.48,6.01,1.5,1.04,0.48,3.4,,2020,3,14,0,0,0,0,0,1,0
352,2020-03-13,-2.0,83.44,4.19,30.58,-9.3,52.44,-4.73,6.01,1.49,1.02,0.52,3.8,,2020,3,13,0,0,0,0,1,0,0
353,2020-03-12,-2.27,83.4,3.91,30.65,-9.59,52.54,-5.06,6.02,1.61,1.05,0.62,4.1,,2020,3,12,0,0,0,1,0,0,0
354,2020-03-11,-2.5,83.53,3.58,30.82,-9.84,52.77,-5.35,6.2,1.63,1.01,0.67,4.3,,2020,3,11,0,0,1,0,0,0,0
355,2020-03-10,-2.76,83.62,3.22,30.88,-10.05,53.24,-5.66,6.21,1.62,0.99,0.69,4.6,,2020,3,10,0,1,0,0,0,0,0
356,2020-03-09,-2.87,83.8,2.94,30.99,-10.09,53.91,-5.79,6.27,1.71,1.05,0.71,4.8,,2020,3,9,1,0,0,0,0,0,0
357,2020-03-08,-2.86,84.14,2.77,31.14,-10.15,54.64,-5.91,6.07,1.81,1.1,0.76,5.0,,2020,3,8,0,0,0,0,0,0,1
358,2020-03-07,-3.11,84.11,2.43,30.76,-10.44,55.0,-6.23,5.94,1.89,1.15,0.79,5.2,,2020,3,7,0,0,0,0,0,1,0
359,2020-03-06,-3.35,83.98,2.15,30.7,-10.76,55.2,-6.56,5.91,1.91,1.14,0.82,5.4,,2020,3,6,0,0,0,0,1,0,0
360,2020-03-05,-3.6,83.94,1.89,30.86,-10.94,55.51,-6.78,5.93,1.92,1.1,0.87,5.4,,2020,3,5,0,0,0,1,0,0,0
361,2020-03-04,-3.7,83.99,1.71,31.01,-11.01,55.91,-6.93,5.85,1.92,1.09,0.88,5.5,,2020,3,4,0,0,1,0,0,0,0
362,2020-03-03,-3.78,84.13,1.5,30.91,-11.12,56.38,-7.09,5.8,1.89,1.05,0.89,5.5,,2020,3,3,0,1,0,0,0,0,0
363,2020-03-02,-3.88,84.12,1.38,30.99,-11.22,56.25,-7.18,5.83,1.92,1.04,0.92,5.5,,2020,3,2,1,0,0,0,0,0,0
364,2020-03-01,-3.96,84.16,1.19,30.72,-11.25,56.58,-7.22,5.77,1.94,1.06,0.93,5.4,,2020,3,1,0,0,0,0,0,0,1
365,2020-02-29,-4.02,84.07,1.16,30.66,-11.26,56.51,-7.22,5.7,1.91,1.06,0.9,5.4,,2020,2,29,0,0,0,0,0,1,0
366,2020-02-28,-3.96,84.33,1.12,30.79,-11.3,56.75,-7.25,5.72,1.93,1.08,0.91,5.3,,2020,2,28,0,0,0,0,1,0,0
367,2020-02-27,-3.97,84.39,1.06,30.83,-11.22,57.06,-7.19,5.78,1.95,1.06,0.94,5.2,,2020,2,27,0,0,0,1,0,0,0
368,2020-02-26,-3.9,84.3,1.1,31.0,-11.23,57.38,-7.22,5.86,1.86,1.06,0.82,5.2,,2020,2,26,0,0,1,0,0,0,0
369,2020-02-25,-3.86,84.48,1.05,31.36,-11.25,57.71,-7.25,5.73,1.79,1.04,0.78,5.2,,2020,2,25,0,1,0,0,0,0,0
370,2020-02-24,-3.82,84.71,0.99,31.22,-11.35,58.14,-7.43,5.48,1.86,1.12,0.76,5.4,,2020,2,24,1,0,0,0,0,0,0
371,2020-02-23,-3.82,84.99,0.92,31.0,-11.38,58.27,-7.5,5.27,1.92,1.12,0.84,5.5,,2020,2,23,0,0,0,0,0,0,1
372,2020-02-22,-3.95,84.99,0.75,30.86,-11.54,58.54,-7.67,5.29,1.94,1.15,0.83,5.6,,2020,2,22,0,0,0,0,0,1,0
373,2020-02-21,-4.14,84.84,0.54,30.7,-11.69,58.52,-7.79,5.43,1.93,1.12,0.84,5.8,,2020,2,21,0,0,0,0,1,0,0
374,2020-02-20,-4.29,84.88,0.3,31.0,-11.89,58.58,-7.95,5.63,1.9,1.06,0.87,5.8,,2020,2,20,0,0,0,1,0,0,0
375,2020-02-19,-4.38,84.95,0.11,31.21,-12.12,58.54,-8.18,5.78,1.87,1.04,0.88,5.8,,2020,2,19,0,0,1,0,0,0,0
376,2020-02-18,-4.44,84.91,-0.03,31.33,-12.28,58.65,-8.34,5.8,1.84,1.05,0.83,6.0,,2020,2,18,0,1,0,0,0,0,0
377,2020-02-17,-4.49,85.05,-0.13,31.24,-12.35,58.77,-8.43,5.77,1.8,0.98,0.85,6.1,,2020,2,17,1,0,0,0,0,0,0
378,2020-02-16,-4.6,84.95,-0.23,31.13,-12.39,59.03,-8.52,5.82,1.73,0.9,0.86,6.2,,2020,2,16,0,0,0,0,0,0,1
379,2020-02-15,-4.7,85.0,-0.37,31.14,-12.52,59.2,-8.66,5.98,1.85,0.93,0.95,6.3,,2020,2,15,0,0,0,0,0,1,0
380,2020-02-14,-4.78,85.12,-0.47,31.22,-12.57,59.42,-8.77,5.99,1.77,0.87,0.94,6.4,,2020,2,14,0,0,0,0,1,0,0
381,2020-02-13,-5.06,85.03,-0.72,31.14,-12.69,59.58,-8.94,6.09,1.77,0.82,0.99,6.6,,2020,2,13,0,0,0,1,0,0,0
382,2020-02-12,-5.23,84.97,-0.94,31.26,-12.99,59.51,-9.2,6.15,1.7,0.74,1.02,6.7,,2020,2,12,0,0,1,0,0,0,0
383,2020-02-11,-5.34,85.04,-1.1,31.4,-13.09,59.46,-9.31,6.09,1.77,0.78,1.05,6.7,,2020,2,11,0,1,0,0,0,0,0
384,2020-02-10,-5.33,85.16,-1.11,31.08,-13.0,59.58,-9.25,6.08,1.78,0.81,1.03,6.8,,2020,2,10,1,0,0,0,0,0,0
385,2020-02-09,-5.37,85.16,-1.16,30.95,-12.97,59.77,-9.25,6.13,1.72,0.72,1.07,6.9,,2020,2,9,0,0,0,0,0,0,1
386,2020-02-08,-5.32,85.18,-1.12,31.06,-12.94,59.84,-9.22,6.39,1.68,0.68,1.04,7.0,,2020,2,8,0,0,0,0,0,1,0
387,2020-02-07,-5.34,85.28,-1.14,30.93,-12.94,59.99,-9.27,6.29,1.61,0.62,1.05,7.1,,2020,2,7,0,0,0,0,1,0,0
388,2020-02-06,-5.36,85.55,-1.2,30.98,-12.95,60.06,-9.35,6.29,1.58,0.62,1.02,7.1,,2020,2,6,0,0,0,1,0,0,0
389,2020-02-05,-5.22,85.83,-1.14,30.73,-12.79,60.58,-9.25,6.25,1.67,0.69,1.04,7.2,,2020,2,5,0,0,1,0,0,0,0
390,2020-02-04,-5.19,85.87,-1.08,30.45,-12.61,60.84,-9.09,6.16,1.67,0.68,1.07,7.2,,2020,2,4,0,1,0,0,0,0,0
391,2020-02-03,-5.08,86.06,-0.97,30.41,-12.54,60.98,-9.02,6.26,1.76,0.7,1.16,7.2,,2020,2,3,1,0,0,0,0,0,0
392,2020-02-02,-5.23,85.86,-1.11,30.27,-12.62,60.9,-9.08,6.38,1.74,0.71,1.14,7.2,,2020,2,2,0,0,0,0,0,0,1
393,2020-02-01,-5.28,85.88,-1.21,30.39,-12.75,60.8,-9.2,6.31,1.72,0.7,1.13,7.1,,2020,2,1,0,0,0,0,0,1,0
394,2020-01-31,-5.16,86.0,-1.18,30.6,-12.79,60.82,-9.21,6.2,1.61,0.67,1.05,7.0,,2020,1,31,0,0,0,0,1,0,0
395,2020-01-30,-5.12,86.2,-1.19,30.61,-12.78,60.88,-9.16,6.29,1.7,0.74,1.06,6.9,,2020,1,30,0,0,0,1,0,0,0
396,2020-01-29,-5.11,86.27,-1.23,30.61,-12.83,60.95,-9.25,6.22,1.67,0.76,1.03,6.8,,2020,1,29,0,0,1,0,0,0,0
397,2020-01-28,-5.27,86.28,-1.39,30.33,-12.9,61.02,-9.38,6.08,1.68,0.8,0.98,6.8,,2020,1,28,0,1,0,0,0,0,0
398,2020-01-27,-5.45,86.26,-1.56,30.14,-13.07,61.05,-9.56,6.1,1.63,0.77,0.96,6.7,,2020,1,27,1,0,0,0,0,0,0
399,2020-01-26,-5.53,86.11,-1.66,30.39,-13.19,61.22,-9.68,6.3,1.59,0.74,0.95,6.5,,2020,1,26,0,0,0,0,0,0,1
400,2020-01-25,-5.48,86.27,-1.67,30.65,-13.14,61.27,-9.61,6.38,1.6,0.77,0.93,6.4,,2020,1,25,0,0,0,0,0,1,0
401,2020-01-24,-5.44,86.4,-1.7,30.64,-13.21,61.67,-9.66,6.24,1.66,0.86,0.92,6.3,,2020,1,24,0,0,0,0,1,0,0
402,2020-01-23,-5.42,86.42,-1.72,30.8,-13.27,61.66,-9.71,6.37,1.68,0.9,0.89,6.2,,2020,1,23,0,0,0,1,0,0,0
403,2020-01-22,-5.48,86.37,-1.8,30.6,-13.19,61.98,-9.65,6.27,1.82,0.99,0.94,6.2,,2020,1,22,0,0,1,0,0,0,0
404,2020-01-21,-5.49,86.41,-1.82,30.66,-13.27,61.89,-9.73,6.18,1.77,0.94,0.96,6.1,,2020,1,21,0,1,0,0,0,0,0
405,2020-01-20,-5.34,86.62,-1.75,30.71,-13.22,62.05,-9.71,6.23,1.79,1.0,0.89,6.0,,2020,1,20,1,0,0,0,0,0,0
406,2020-01-19,-5.13,86.82,-1.6,30.65,-12.95,62.63,-9.48,6.17,1.77,1.02,0.84,6.0,,2020,1,19,0,0,0,0,0,0,1
407,2020-01-18,-4.9,87.09,-1.39,30.87,-12.69,62.94,-9.24,6.13,1.85,1.08,0.84,5.9,,2020,1,18,0,0,0,0,0,1,0
408,2020-01-17,-4.78,87.21,-1.27,30.91,-12.59,63.0,-9.12,6.24,1.92,1.16,0.83,6.0,,2020,1,17,0,0,0,0,1,0,0
409,2020-01-16,-4.79,87.24,-1.24,30.78,-12.44,63.14,-8.98,6.26,1.97,1.19,0.84,5.9,,2020,1,16,0,0,0,1,0,0,0
410,2020-01-15,-4.84,87.17,-1.26,30.78,-12.45,63.14,-9.04,6.2,1.91,1.14,0.85,5.9,,2020,1,15,0,0,1,0,0,0,0
411,2020-01-14,-4.77,87.26,-1.23,30.88,-12.45,63.18,-9.0,6.25,1.92,1.15,0.86,5.8,,2020,1,14,0,1,0,0,0,0,0
412,2020-01-13,-4.52,87.46,-1.04,31.09,-12.25,63.44,-8.78,6.28,1.93,1.12,0.91,5.7,,2020,1,13,1,0,0,0,0,0,0
413,2020-01-12,-4.31,87.64,-0.88,31.01,-11.98,63.73,-8.51,6.29,1.98,1.12,0.96,5.6,,2020,1,12,0,0,0,0,0,0,1
414,2020-01-11,-4.16,87.81,-0.75,31.06,-11.82,63.86,-8.31,6.28,2.02,1.18,0.92,5.4,,2020,1,11,0,0,0,0,0,1,0
415,2020-01-10,-4.05,87.9,-0.65,30.95,-11.72,63.97,-8.23,6.39,2.07,1.21,0.96,5.2,,2020,1,10,0,0,0,0,1,0,0
416,2020-01-09,-4.01,87.78,-0.6,31.04,-11.62,63.87,-8.13,6.57,2.03,1.16,0.94,4.9,,2020,1,9,0,0,0,1,0,0,0
417,2020-01-08,-3.91,87.76,-0.48,31.02,-11.47,63.93,-7.94,6.51,2.0,1.13,0.95,4.7,,2020,1,8,0,0,1,0,0,0,0
418,2020-01-07,-3.67,87.93,-0.29,31.15,-11.31,63.9,-7.74,6.5,1.92,1.09,0.91,4.4,,2020,1,7,0,1,0,0,0,0,0
419,2020-01-06,-3.58,87.9,-0.19,31.18,-11.13,64.11,-7.55,6.53,1.94,1.15,0.86,4.2,,2020,1,6,1,0,0,0,0,0,0
420,2020-01-05,-3.55,87.92,-0.17,31.06,-10.96,64.28,-7.38,6.38,1.97,1.19,0.86,4.0,,2020,1,5,0,0,0,0,0,0,1
421,2020-01-04,-3.6,87.84,-0.19,30.99,-10.94,64.12,-7.38,6.3,1.89,1.13,0.84,3.8,,2020,1,4,0,0,0,0,0,1,0
422,2020-01-03,-3.62,87.81,-0.19,30.59,-10.96,64.18,-7.47,6.23,1.84,1.11,0.81,3.8,,2020,1,3,0,0,0,0,1,0,0
423,2020-01-02,-3.59,87.88,-0.17,30.47,-10.86,64.41,-7.41,6.25,1.8,1.07,0.82,3.7,,2020,1,2,0,0,0,1,0,0,0
424,2020-01-01,-3.56,87.83,-0.15,30.4,-10.77,64.52,-7.35,6.27,1.78,1.06,0.82,3.7,,2020,1,1,0,0,1,0,0,0,0
